label,tier,reduced,elapsed_ms,frames,wall_p95_ms,wall_max_ms,frames_over_100ms
leaves.tier0.normal.r1,0,False,4343.5059,88,77.19309999999999,85.0996,0
leaves.tier0.reduced.r1,0,True,1550.571899999999,31,80.21029999999999,84.1378,0
leaves.tier0.normal.r2,0,False,4429.994499999997,90,77.67191499999998,84.9865,0
leaves.tier0.reduced.r2,0,True,1607.2707999999984,33,76.66857999999999,84.3383,0
route.tier0.menu-camp,0,False,4451.965100000001,69,93.23113999999997,627.0631,3
route.tier0.camp-menu,0,False,4548.1630000000005,81,64.938,781.2913,2
leaves.tier1.normal.r1,1,False,4447.107100000008,98,65.17829,79.409,0
leaves.tier1.reduced.r1,1,True,1254.8620999999985,35,53.87474,54.8475,0
leaves.tier1.normal.r2,1,False,4357.8838000000105,97,65.41137999999998,72.3199,0
leaves.tier1.reduced.r2,1,True,1242.7039000000077,34,54.130869999999994,56.5346,0
route.tier1.menu-camp,1,False,4339.985700000005,65,90.43953999999998,601.5715,3
route.tier1.camp-menu,1,False,4490.512199999997,71,73.95769999999999,737.6126,2
leaves.tier2.normal.r1,2,False,4416.664399999994,88,69.64289,73.524,0
leaves.tier2.reduced.r1,2,True,1317.7307,34,55.01466,65.5657,0
leaves.tier2.normal.r2,2,False,4466.631200000003,83,80.02721999999999,91.9667,0
leaves.tier2.reduced.r2,2,True,1503.3659000000043,34,67.49709,73.0496,0
route.tier2.menu-camp,2,False,4244.738899999997,71,79.03145,574.4862,2
route.tier2.camp-menu,2,False,4477.809399999998,68,79.62938999999999,749.5945,2
route.high.normal.r1.menu-camp,2,False,4296.252800000017,66,91.529075,635.9668,3
route.high.normal.r1.camp-menu,2,False,4533.546100000007,70,74.30138,813.283,2
route.high.reduced.r1.menu-camp,2,True,1508.7136000000173,15,468.49477999999976,597.5766,2
route.high.reduced.r1.camp-menu,2,True,1906.1334999999963,15,604.3584899999996,873.6102,2
route.high.normal.r2.menu-camp,2,False,4289.337899999984,68,80.29143499999999,680.69,3
route.high.normal.r2.camp-menu,2,False,4478.579400000017,66,73.954475,856.8377,2
route.high.reduced.r2.menu-camp,2,True,1531.892599999992,15,462.8160199999997,661.8718,2
route.high.reduced.r2.camp-menu,2,True,1837.9135999999999,15,578.8538099999994,943.639,2
route.high.normal.r3.menu-camp,2,False,4320.9372999999905,60,112.02527999999997,734.5541,4
route.high.normal.r3.camp-menu,2,False,4749.383999999991,59,84.63457999999999,959.0262,2
route.high.reduced.r3.menu-camp,2,True,1735.4333000000042,13,560.8572399999995,781.1005,2
route.high.reduced.r3.camp-menu,2,True,1944.1532000000007,13,654.9724999999993,960.4364,2
route.high.to-spring,2,False,4587.599699999992,60,92.88151999999998,983.6729,3
route.high.to-autumn,2,False,4321.5522000000055,71,67.0172,801.8402,2
route.high.to-winter,2,False,4516.749700000015,78,58.51594,810.4519,2
route.high.to-late-haven,2,False,4483.3767000000225,76,65.56897500000001,836.7173,2
route.high.final-camp-menu,2,False,4704.842200000014,64,82.15971999999998,1010.3886,2
