path,format,bytes,triangles,sha256
QuietCamp/Assets/QuietCamp/Authoring/Roadmap/Models/EnvironmentKit/ua_abandoned_house.obj,obj,44446,252,bd63aaf19d588e43a36ef5a44acc5102535d3cc1d5cb22534e72f5758f7af252
QuietCamp/Assets/QuietCamp/Authoring/Roadmap/Models/EnvironmentKit/ua_barn.obj,obj,37757,216,b7a121b1be2ab16997f60253d09acaf74250cf823754506f2d7e85c954f03105
QuietCamp/Assets/QuietCamp/Authoring/Roadmap/Models/EnvironmentKit/ua_beehive.obj,obj,16707,96,94d7c8c7bc153bbfea76e8e682530f8afb5ce76e6a721ef5ffd3ae40bbb055a2
QuietCamp/Assets/QuietCamp/Authoring/Roadmap/Models/EnvironmentKit/ua_bus_shelter_mosaic.obj,obj,34502,197,12c9c611914674e35129078e8e3767583e63d8daaf3033bd988e8a59289a66ac
QuietCamp/Assets/QuietCamp/Authoring/Roadmap/Models/EnvironmentKit/ua_chicken.obj,obj,7607,43,59cb9d8fe5b2dbb705abd257d49fc6298d5b3e2db0c7d076c3bd7fb00294b9b9
QuietCamp/Assets/QuietCamp/Authoring/Roadmap/Models/EnvironmentKit/ua_chicken_coop.obj,obj,42094,240,46e4d27744504e86a74d909791e6f855eb6a7c4ea3bd6261a1079a1e50068176
QuietCamp/Assets/QuietCamp/Authoring/Roadmap/Models/EnvironmentKit/ua_dam_breached.obj,obj,51801,288,714345cbfe4adf0bc70f3370066b22d556ee4bc69e783cec3f9c1c7771e73a07
QuietCamp/Assets/QuietCamp/Authoring/Roadmap/Models/EnvironmentKit/ua_dam_breached_lod.obj,obj,25575,144,6224f0fe9aa896de2a2a48f92481fc51418760945b9a3d0b50e8c56ff24d4bc8
QuietCamp/Assets/QuietCamp/Authoring/Roadmap/Models/EnvironmentKit/ua_field_weeds.obj,obj,2174,12,7e3f5bbec5a7252b37d5ff715caec0c3cbb079963cfbe127c1cc3d5864ddc2fd
QuietCamp/Assets/QuietCamp/Authoring/Roadmap/Models/EnvironmentKit/ua_field_weeds_lod.obj,obj,1174,6,33295ea037a8aa9af66850ec0235d8721ed52bba5ab73408bb5d2ce7be96d880
QuietCamp/Assets/QuietCamp/Authoring/Roadmap/Models/EnvironmentKit/ua_forester_hut.obj,obj,37405,216,00c808b13426257b4a4ed257a94333d3d9360b5da6041158a42c3876180e3782
QuietCamp/Assets/QuietCamp/Authoring/Roadmap/Models/EnvironmentKit/ua_hydro_service_building.obj,obj,12618,72,b7ff896dffa118ace426250ea27d72dc3391ac46b81cd7342c593f67f8a0ee38
QuietCamp/Assets/QuietCamp/Authoring/Roadmap/Models/EnvironmentKit/ua_mooring_post.obj,obj,4211,24,cbe8d3427bd029fb94fd4270907556b5d799e26c0990e7f458ff6e4d1f02e46e
QuietCamp/Assets/QuietCamp/Authoring/Roadmap/Models/EnvironmentKit/ua_picket_fence_damaged.obj,obj,20780,120,c6fd86b35d1a94d03a0edff37c9e13896cfe67e6cbaf02bdae5376c5aff2f5f5
QuietCamp/Assets/QuietCamp/Authoring/Roadmap/Models/EnvironmentKit/ua_plank_bridge.obj,obj,29315,168,c0874cdc4d35a6742e17e8c3e9eece8fe91c31d0e8e57b9f26c51e55c7b8f3a4
QuietCamp/Assets/QuietCamp/Authoring/Roadmap/Models/EnvironmentKit/ua_poplar.obj,obj,4552,26,0dbc6220c0e01e8c44d9e64fde85995b8efff21d577b82bc820a15fbd7de7cce
QuietCamp/Assets/QuietCamp/Authoring/Roadmap/Models/EnvironmentKit/ua_poplar_lod.obj,obj,3880,22,5fcb017f39fa62c5705d2e1e4aff9af2d1a728080f0fb0e0c8acdaf0448f6b6b
QuietCamp/Assets/QuietCamp/Authoring/Roadmap/Models/EnvironmentKit/ua_power_pylon_fallen.obj,obj,166273,932,39052e85efb84d0316c9267850b3e79b5215a0ad94ef4afb5d243f8acaad2a0f
QuietCamp/Assets/QuietCamp/Authoring/Roadmap/Models/EnvironmentKit/ua_power_pylon_rusted.obj,obj,167364,932,4c8e41235975ef3ee9835b6437e4cfa48777e377b01e568e3c71d1fd69719afd
QuietCamp/Assets/QuietCamp/Authoring/Roadmap/Models/EnvironmentKit/ua_reed_clump.obj,obj,2185,12,4c003fb3d5aaf1fc41a9daa0edc94e1d71369131838a110b7472d806c5b8a8a7
QuietCamp/Assets/QuietCamp/Authoring/Roadmap/Models/EnvironmentKit/ua_reed_clump_lod.obj,obj,1179,6,6e8d43ed068fbdb910ef22ae788152dbf2c92952db09ab5756672757ffe6d0a2
QuietCamp/Assets/QuietCamp/Authoring/Roadmap/Models/EnvironmentKit/ua_well_sweep.obj,obj,18881,108,e98042ab2d9a7528645996ba334a888b13652f1a9ad6f47af7fe8ec1f886889a
QuietCamp/Assets/QuietCamp/Authoring/Roadmap/Models/EnvironmentKit/ua_young_willow.obj,obj,9588,54,ded8b516585b788618d28241945ed068def2891d5ea6b582a38386405c857f85
QuietCamp/Assets/QuietCamp/Authoring/Roadmap/Models/EnvironmentKit/ua_young_willow_lod.obj,obj,3946,22,feb0470a8ff300a5746e7c3d578ecdb50b544710fd2faf88ab5e8f87b0b5369e
QuietCamp/Assets/QuietCamp/Authoring/Roadmap/Models/StagingLandmarks/airplane-source.glb,glb,193456,11287,82cd44e697c193c3c4e2e3f465cb3293289bd72f2c6c114d60117b9096dfe8d3
QuietCamp/Assets/QuietCamp/Authoring/Roadmap/Models/StagingLandmarks/ship-source.glb,glb,230024,2384,48665716be710479635171b3169f3f056e4785ca1e979089e3d47a83bf480d9a
QuietCamp/Assets/QuietCamp/Authoring/Roadmap/Models/StagingLandmarks/staging_aircraft_fore.obj,obj,2189235,5956,3b5fe95a8f1d796b1037f5730c31201ade95314c6cd603a906e57952a465cda7
QuietCamp/Assets/QuietCamp/Authoring/Roadmap/Models/StagingLandmarks/staging_aircraft_fore_coarse.obj,obj,424301,1176,586c7450c3a3e1e8c0dc0bb59ab17c346be46cccbbe7e327c37f155f082d5be2
QuietCamp/Assets/QuietCamp/Authoring/Roadmap/Models/StagingLandmarks/staging_aircraft_fore_silhouette.obj,obj,56389,160,bde5196bc7d5fe844009283ecf8588e5b224e260b8b3a5382554379cd4408514
QuietCamp/Assets/QuietCamp/Authoring/Roadmap/Models/StagingLandmarks/staging_aircraft_tail.obj,obj,418739,1144,c64a668ed0ea1acdff8aade17956462d92f637778c57263a4af9300cd224a888
QuietCamp/Assets/QuietCamp/Authoring/Roadmap/Models/StagingLandmarks/staging_aircraft_tail_coarse.obj,obj,418739,1144,c64a668ed0ea1acdff8aade17956462d92f637778c57263a4af9300cd224a888
QuietCamp/Assets/QuietCamp/Authoring/Roadmap/Models/StagingLandmarks/staging_aircraft_tail_silhouette.obj,obj,54148,152,cfc4d62ffe01d3b8508823ba339dfd4a3972b9eb0f384575df01da9091bfe02d
QuietCamp/Assets/QuietCamp/Authoring/Roadmap/Models/StagingLandmarks/staging_cargo_ship.obj,obj,202239,1100,af97e8d61a5ef01c283fc33510a6c77335da65155f8bf664fe5d74a4f07c21ea
QuietCamp/Assets/QuietCamp/Authoring/Roadmap/Models/StagingLandmarks/staging_cargo_ship_coarse.obj,obj,118512,650,2b0c99377c8c655b90c99fc09c67e51a9fcb0c4c8f2d7cb9c7bc13702551b614
QuietCamp/Assets/QuietCamp/Authoring/Roadmap/Models/StagingLandmarks/staging_cargo_ship_silhouette.obj,obj,54051,300,52ddeee8aed89c7c3be7aced00478efe1be2a97064539a957cde699206835238
QuietCamp/Assets/QuietCamp/Authoring/Roadmap/Models/UkrainianRural/ua_bus_shelter.obj,obj,33611,192,cdabc5bc00d5d548c9a96efb90d137081bd9fbc89f062531942075219c30baa4
QuietCamp/Assets/QuietCamp/Authoring/Roadmap/Models/UkrainianRural/ua_concrete_fence.obj,obj,54338,300,cb39f1c6042ca9aca79b02cc2a7397e6591b5c8f92240fe4640dab6af535a695
QuietCamp/Assets/QuietCamp/Authoring/Roadmap/Models/UkrainianRural/ua_gate.obj,obj,55047,312,b2eb6f773b58b8897c2a077994da3ada4ffcb76cc3fdf2b043d58b51a311769f
QuietCamp/Assets/QuietCamp/Authoring/Roadmap/Models/UkrainianRural/ua_orchard_tree.obj,obj,22980,132,2d6ee1eb20d43df6f9719f5af88c490ee1cc18b09ee2228a3f25dfed43e02c7b
QuietCamp/Assets/QuietCamp/Authoring/Roadmap/Models/UkrainianRural/ua_picket_fence.obj,obj,39177,224,dda3f4b9c00edc467c891dc630c0336cb03cbf9d8429e4e8b7e153dc979f58e6
QuietCamp/Assets/QuietCamp/Authoring/Roadmap/Models/UkrainianRural/ua_power_pylon.obj,obj,168032,932,a544f189e1d4c0e583697b59d10285786081405c2b7888c9b31bd11cc2c5fc95
QuietCamp/Assets/QuietCamp/Authoring/Roadmap/Models/UkrainianRural/ua_rural_pole.obj,obj,21115,120,34d1e8854b99d5ada60e59afa13fd8effbcdbef2bca46d2decd4a6bc5c4dc5c8
QuietCamp/Assets/QuietCamp/Authoring/Roadmap/Models/UkrainianRural/ua_sunflower_patch.obj,obj,71693,405,957098843775ffe50822647303eff42fd21cbcab29e48125f6b29a7885028e3e
QuietCamp/Assets/QuietCamp/Authoring/Roadmap/Models/UkrainianRural/ua_sunflower_patch_lod.obj,obj,20441,116,87f7f1d764e29c5085b6a1643c04d52aa213ce4cc7726b414e2087bc9c6a7f61
QuietCamp/Assets/QuietCamp/Authoring/Roadmap/Models/UkrainianRural/ua_wattle_fence.obj,obj,111167,620,78f29d31cb34d73b9a5c7ac4828e405626826b8e9620ec261115ca03197437c8
QuietCamp/Assets/QuietCamp/Authoring/Roadmap/Models/UkrainianRural/ua_well.obj,obj,24442,140,b87af3cfa1adc795224b59f3aa32a963c6c85c7dee86fa4cb6906fdb274e004f
QuietCamp/Assets/QuietCamp/Authoring/Roadmap/Models/UkrainianRural/ua_wheat_patch.obj,obj,85692,480,7577a37eda20b2b30841fe6380024e4800f003ccf7b8db0131b9dd338e1fc13d
QuietCamp/Assets/QuietCamp/Authoring/Roadmap/Models/UkrainianRural/ua_wheat_patch_lod.obj,obj,25227,144,835dcc93438c48bc13573a2e2c78f7b7c2d27aa875f7934ee31d4404e09f3c67
QuietCamp/Assets/QuietCamp/Authoring/Roadmap/Models/UkrainianRural/ua_whitewashed_house.obj,obj,107665,604,9bcd15e94dc2d4539de3cd5af557f966c5a797802dcb31dbb51d0daef6d70fe6
QuietCamp/Assets/ThirdParty/KenneyNature/Models/campfire_stones.obj,obj,22818,264,a75420ecbf402bf47130d163e4f37d6b3d91eb729d1727090fa0e5998752e4d1
QuietCamp/Assets/ThirdParty/KenneyNature/Models/flower_purpleA.obj,obj,5745,76,039c21db5a505edeb9d889077436b5f18055ae28b58ad89795b016ee29981479
QuietCamp/Assets/ThirdParty/KenneyNature/Models/flower_yellowA.obj,obj,5518,76,e11fb1b123cc4a22ab0c71c2f9f290310a66e4459c4c10bf7495e9391edf8034
QuietCamp/Assets/ThirdParty/KenneyNature/Models/flower_yellowB.obj,obj,9288,154,3a9e9c5cbc05d33882bb48d1fccd650b88809d13b4884010e81a0099a304a86f
QuietCamp/Assets/ThirdParty/KenneyNature/Models/grass.obj,obj,11167,132,c29167c45dca57c630e4503114c2b0c6324aaa1d4e615f809ee261582ae16e6e
QuietCamp/Assets/ThirdParty/KenneyNature/Models/grass_leafs.obj,obj,4197,36,43d88cee97274d39d9992d1a1ce5f396150037f91cac19e0bc2eb03831366b8c
QuietCamp/Assets/ThirdParty/KenneyNature/Models/grass_leafsLarge.obj,obj,15462,144,4cb95c585bc98d47aa661de7bb9b14ab6e2912880fb9dca74efce8abbd818f49
QuietCamp/Assets/ThirdParty/KenneyNature/Models/log.obj,obj,11998,200,cc40882be1e72a71784b523fd3aca6833bf6659093d5b8d52dc3974f9b40ef7b
QuietCamp/Assets/ThirdParty/KenneyNature/Models/log_stack.obj,obj,13339,184,45dd680667ad8d7110111836b91a1d03f65929718227417c49f8c4fa11cf9204
QuietCamp/Assets/ThirdParty/KenneyNature/Models/plant_bushDetailed.obj,obj,9383,104,f657029e99a52f6933389c8d445699d352102990af574cfe190f4ec746de0b7d
QuietCamp/Assets/ThirdParty/KenneyNature/Models/plant_bushSmall.obj,obj,1630,16,f07e606f1937469330e9cf9fecccccf6c619f632b91e2f3076dd52d15366de39
QuietCamp/Assets/ThirdParty/KenneyNature/Models/sign.obj,obj,2691,44,560918ef4a49fc1099036db04d535185223fdb45d71b3b571b0568d9b2aa04f1
QuietCamp/Assets/ThirdParty/KenneyNature/Models/stone_largeA.obj,obj,7873,80,ab2d28a93c0e36a87fc2843e7f2a9bf142e20731fc277a643220dd57c42d244e
QuietCamp/Assets/ThirdParty/KenneyNature/Models/stump_round.obj,obj,4190,56,e64ed6f625a57c0fc4d872befb81ecf33fc2e8d724ac8f507198be5566e6cec6
QuietCamp/Assets/ThirdParty/KenneyNature/Models/tent_detailedOpen.obj,obj,13698,232,8922282b8161b1d862983133ceb369ba9983fdf00bec495c7421efdb40e44e33
QuietCamp/Assets/ThirdParty/KenneyNature/Models/tent_smallOpen.obj,obj,12048,224,d4cecb34004152c59cfe252f96109b2f1fd6ea77003af767043c9cdbc9764ffd
QuietCamp/Assets/ThirdParty/KenneyNature/Models/tree_default.obj,obj,9919,114,01b996d64fd072579f69c712f9ded041a5f30350d22bce5a272925d6c9360e1f
QuietCamp/Assets/ThirdParty/KenneyNature/Models/tree_pineRoundA.obj,obj,13579,204,c4f8fc1b69b17c5efdbe90666b27e7ee5b7749e5cdc5b919eeefd1119c691823
QuietCamp/Assets/ThirdParty/Stylized Water 3/Models/Ocean.fbx,fbx,2221728,,82ed394fb4af8ffb030254ae493773c93c9e4f33286f6195fbed3b336af68f19
QuietCamp/Assets/ThirdParty/Stylized Water 3/Models/Puddles.fbx,fbx,34848,,bda52c1882bc9a117faf42682f4aca3547a51de41a1d219fcb4d0b50bbebd08b
QuietCamp/Assets/ThirdParty/Stylized Water 3/Models/SW3_ParticleMeshes.fbx,fbx,31056,,81c584d484d2a32de958bff97130fce65440bdd79757a3e47c2c8f2abe10f640
QuietCamp/Assets/ThirdParty/Stylized Water 3/Models/Waterfalls.fbx,fbx,554381,,e25456a0a682e3864760f0a7274347523ded26e756623c3faf82f2b53aa48b14
QuietCamp/Assets/ThirdParty/Stylized Water 3/_Demo/DemoAssets/Models/Boulder.fbx,fbx,54976,,16cb8b945f8746250a703867a30f97774e480ac84e79fc45cb8c5f543d844cd6
QuietCamp/Assets/ThirdParty/Stylized Water 3/_Demo/DemoAssets/Models/DioramaWater.fbx,fbx,88176,,c41a77ef83a3fc89555f25ff42a676e49b792f8e16de16a595412895f705c22c
QuietCamp/Assets/ThirdParty/Stylized Water 3/_Demo/DemoAssets/Models/RockCluster_A.fbx,fbx,79504,,6cc76c09be55e97b44971cad7a27d717caf1f80fe63f76734de6e25c6d7c7f9c
QuietCamp/Assets/ThirdParty/Stylized Water 3/_Demo/DemoAssets/Models/SW3_BackgroundTerrain.fbx,fbx,1276160,,b2c20e92197f13e1a7079c2af6f3aada49b9fe9172990b831d757b86babe5721
QuietCamp/Assets/ThirdParty/Stylized Water 3/_Demo/DemoAssets/Models/SW3_DemoMeshes.fbx,fbx,70736,,c881faabbc050d9a26885ccd7c88a0218c01429e7b431b28a920f810f2c6285d
QuietCamp/Assets/ThirdParty/Stylized Water 3/_Demo/DemoAssets/Models/Vegetation/SW3_Grass.fbx,fbx,105756,,46587716bfeb4d2de6b8f80a7965f052a4695cf672de8ea010b899a21a4fb59c
QuietCamp/Assets/ThirdParty/Stylized Water 3/_Demo/DemoAssets/Models/Vegetation/SW3_PalmTree.fbx,fbx,2705609,,9c728ed898d6944ac350ce5566c63ac90927760377d733831c75f7725a32e6ba
QuietCamp/Assets/ThirdParty/Stylized Water 3/_Demo/DemoAssets/Models/Vegetation/SW3_PalmTree_Tall.fbx,fbx,1704641,,375e60732f6d29562ada3e675e39ebc365c53946c8518631c310c84cc1dfde5b
QuietCamp/Assets/ThirdParty/Stylized Water 3/_Demo/DemoAssets/Models/Vegetation/SW3_ShoalGrass.fbx,fbx,192924,,531b9f0001557b1000181182e1495a69e3656fe56b735c908159a5326eab1607
QuietCamp/Assets/ThirdParty/Stylized Water 3/_Demo/DemoAssets/Models/Vegetation/SW3_Shrub.fbx,fbx,117168,,e0a1180aa41adf9cfe858aa84a0d681cf304afd0a2edce87bb07b2141ab4ab48
