frame,timestamp_ms,wall_ms,stage,transition,tier
12,42.1136,10.2719,roadmap.boot,Idle,-1
13,264.1823,222.1273,roadmap.boot,Idle,-1
14,840.0738,575.8911,roadmap.boot,Idle,-1
15,1776.4417,936.3681,roadmap.boot,Idle,-1
16,2336.017,559.5755,roadmap.boot,Covering,1
17,2492.6687,156.6516,roadmap.boot,Covering,1
18,2506.8933,14.2247,roadmap.boot,Covering,1
19,2535.4194,28.526,roadmap.boot,Covering,1
20,2543.9345,8.5152,roadmap.boot,Covering,1
21,2572.3779,28.4434,roadmap.boot,Covering,1
22,2580.8823,8.5043,roadmap.boot,Covering,1
23,2599.0089,18.1266,roadmap.boot,Covering,1
24,2620.1206,21.1118,roadmap.boot,Covering,1
25,2638.5473,18.4267,roadmap.boot,Covering,1
26,2657.3006,18.7533,roadmap.boot,Covering,1
27,2679.3508,22.0498,roadmap.boot,Covering,1
28,2696.3384,16.988,roadmap.boot,Covering,1
29,2712.8284,16.4899,roadmap.boot,Covering,1
30,2730.0753,17.2468,roadmap.boot,Covering,1
31,2750.4959,20.4206,roadmap.boot,Covering,1
32,2764.49,13.9941,roadmap.boot,Covering,1
33,2787.8343,23.3443,roadmap.boot,Covering,1
34,2807.8802,20.046,roadmap.boot,Covering,1
35,2829.873,21.9928,roadmap.boot,Covering,1
36,2850.2062,20.3332,roadmap.boot,Covering,1
37,2871.9928,21.7866,roadmap.boot,Covering,1
38,2894.9946,23.0018,roadmap.boot,Covering,1
39,2920.7915,25.7968,roadmap.boot,Covering,1
40,2939.9748,19.1833,roadmap.boot,Covering,1
41,2966.2285,26.2539,roadmap.boot,Covering,1
42,2988.1919,21.9634,roadmap.boot,Covering,1
43,3007.4026,19.2106,roadmap.boot,Covering,1
44,3033.3637,25.9612,roadmap.boot,Covering,1
45,3055.2597,21.8959,roadmap.boot,Covering,1
46,3074.1623,18.9026,roadmap.boot,Covering,1
47,3100.0441,25.8818,roadmap.boot,Covering,1
48,3122.2577,22.2136,roadmap.boot,Covering,1
49,3140.9517,18.694,roadmap.boot,Covering,1
50,3166.9114,25.9597,roadmap.boot,Covering,1
51,3188.7299,21.8183,roadmap.boot,Covering,1
52,3207.5957,18.8659,roadmap.boot,Covering,1
53,3236.0687,28.473,roadmap.boot,Covering,1
54,3254.9458,18.8773,roadmap.boot,Covering,1
55,3273.9321,18.9862,roadmap.boot,Covering,1
56,3299.1968,25.2647,roadmap.boot,Covering,1
57,3321.0363,21.8395,roadmap.boot,Covering,1
58,3339.7708,18.7345,roadmap.boot,Covering,1
59,3363.1979,23.4271,roadmap.boot,Covering,1
60,3384.4134,21.2154,roadmap.boot,CoveredLoading,1
61,3397.2267,12.8134,roadmap.boot,CoveredLoading,1
62,3416.2437,19.0171,roadmap.boot,CoveredLoading,1
63,3578.9598,162.7161,roadmap.boot,CoveredLoading,1
64,3703.8853,124.9252,roadmap.boot,CoveredLoading,1
65,3903.2013,199.3159,roadmap.boot,CoveredLoading,1
66,4140.5572,237.3562,roadmap.boot,CoveredLoading,1
67,4172.8347,32.2775,roadmap.boot,CoveredLoading,1
68,4406.2096,233.3749,roadmap.boot,CoveredLoading,1
69,4471.1155,64.906,roadmap.boot,CoveredLoading,1
70,4503.5528,32.4373,roadmap.boot,CoveredLoading,1
71,4539.1697,35.6169,roadmap.boot,CoveredLoading,1
72,4577.9794,38.8097,roadmap.boot,CoveredLoading,1
73,4620.5013,42.5218,roadmap.boot,CoveredLoading,1
74,4705.7357,85.2343,roadmap.boot,CoveredLoading,1
75,4722.7502,17.0147,roadmap.boot,CoveredLoading,1
76,4755.4418,32.6915,roadmap.boot,CoveredLoading,1
77,4792.6363,37.1946,roadmap.boot,Preparing,1
78,4839.8864,47.25,roadmap.boot,Preparing,1
79,4881.9158,42.0294,roadmap.boot,Preparing,1
80,4922.5057,40.5899,roadmap.boot,Preparing,1
81,4964.7532,42.2476,roadmap.boot,Preparing,1
82,5012.828,48.0748,roadmap.boot,Preparing,1
83,5048.3973,35.5693,roadmap.boot,Revealing,1
84,5089.2146,40.8172,roadmap.boot,Revealing,1
85,5131.7828,42.5682,roadmap.boot,Revealing,1
86,5174.9045,43.1216,roadmap.boot,Revealing,1
87,5224.0649,49.1605,roadmap.boot,Revealing,1
88,5257.1535,33.0886,roadmap.boot,Revealing,1
89,5303.9644,46.811,roadmap.boot,Revealing,1
90,5345.0046,41.0402,roadmap.boot,Revealing,1
91,5388.6239,43.6192,roadmap.boot,Revealing,1
92,5432.7851,44.1613,roadmap.boot,Revealing,1
93,5473.8719,41.0867,roadmap.boot,Revealing,1
94,5521.0123,47.1404,roadmap.boot,Revealing,1
95,5561.5741,40.5618,roadmap.boot,Revealing,1
96,5605.8164,44.2423,roadmap.boot,Revealing,1
97,5649.1749,43.3586,roadmap.boot,Revealing,1
98,5689.6115,40.4365,roadmap.boot,Revealing,1
99,5731.5384,41.9268,roadmap.boot,Revealing,1
100,5771.3302,39.7919,roadmap.boot,Revealing,1
101,5808.787,37.4568,roadmap.boot,Revealing,1
102,5845.8731,37.0862,roadmap.boot,Revealing,1
103,5879.9732,34.1001,roadmap.boot,Revealing,1
104,5915.2565,35.2833,roadmap.boot,Revealing,1
105,5955.4341,40.1775,roadmap.boot,Revealing,1
106,5982.0741,26.6401,roadmap.boot,Revealing,1
107,6018.8523,36.7781,roadmap.boot,Revealing,1
108,6052.3864,33.5341,roadmap.boot,Revealing,1
109,6085.8712,33.4848,roadmap.boot,Revealing,1
110,6119.3275,33.4563,roadmap.boot,Revealing,1
111,6152.4519,33.1244,roadmap.boot,Revealing,1
112,6185.7379,33.286,roadmap.boot,Revealing,1
113,6219.3333,33.5954,roadmap.boot,Revealing,1
114,6252.4968,33.1635,roadmap.boot,Revealing,1
115,6286.2125,33.7157,roadmap.boot,Revealing,1
116,6319.2068,32.9943,roadmap.boot,Revealing,1
117,6352.4713,33.2645,roadmap.boot,Revealing,1
118,6385.9157,33.4443,roadmap.boot,Revealing,1
119,6418.3335,32.4177,roadmap.boot,Revealing,1
120,6455.0167,36.6835,roadmap.boot,Idle,1
121,6489.8446,34.8278,roadmap.boot,Idle,1
122,6623.1969,133.3522,roadmap.boot,Idle,2
123,6706.4639,83.2672,roadmap.boot,Idle,2
124,6859.5745,153.11,roadmap.boot,Idle,2
125,6879.3113,19.7372,roadmap.boot,Idle,2
126,6908.9144,29.6033,roadmap.boot,Idle,2
127,6922.5396,13.6251,roadmap.boot,Idle,2
128,7111.122,188.5825,roadmap.boot,Idle,2
129,7214.5847,103.4626,roadmap.boot,Idle,2
130,7240.5258,25.9411,roadmap.boot,Idle,2
131,7274.2119,33.6862,roadmap.boot,Idle,2
132,7302.4562,28.2443,roadmap.boot,Idle,2
133,7332.001,29.5447,roadmap.boot,Idle,2
134,7403.006,71.0046,roadmap.boot,Idle,2
135,7419.4111,16.4055,roadmap.boot,Idle,2
136,7448.0833,28.6723,roadmap.boot,Idle,2
137,7482.0226,33.9393,roadmap.boot,Idle,2
138,7520.1935,38.1708,roadmap.boot,Idle,2
139,7553.9536,33.7602,roadmap.boot,Idle,2
140,7587.3296,33.3759,roadmap.boot,Idle,2
141,7621.3671,34.0374,roadmap.boot,Idle,2
142,7653.2491,31.8821,roadmap.boot,Idle,2
143,7690.401,37.152,roadmap.boot,Idle,2
144,7726.173,35.772,roadmap.boot,Idle,2
145,7760.4111,34.238,roadmap.boot,Idle,2
146,7794.6985,34.2873,roadmap.boot,Idle,2
147,7832.9831,38.2846,roadmap.boot,Idle,2
148,7869.7809,36.7979,roadmap.boot,Idle,2
149,7903.5027,33.7218,roadmap.boot,Idle,2
150,7937.1592,33.6562,roadmap.boot,Idle,2
151,7970.1528,32.9939,roadmap.boot,Idle,2
152,7998.3089,28.1561,roadmap.boot,Idle,2
153,8035.6838,37.3749,roadmap.boot,Idle,2
154,8070.4202,34.7364,roadmap.boot,Idle,2
155,8104.0473,33.627,roadmap.boot,Idle,2
156,8137.9162,33.869,roadmap.boot,Idle,2
157,8170.0771,32.1607,roadmap.boot,Idle,2
158,8205.5011,35.4241,roadmap.boot,Idle,2
159,8242.8843,37.3833,roadmap.boot,Idle,2
160,8276.9571,34.0727,roadmap.boot,Idle,2
161,8309.043,32.086,roadmap.boot,Idle,2
162,8335.1296,26.0865,roadmap.boot,Idle,2
163,8368.5555,33.4261,roadmap.boot,Idle,2
164,8403.3892,34.8336,roadmap.boot,Idle,2
165,8436.842,33.4528,roadmap.boot,Idle,2
166,8468.1302,31.2883,roadmap.boot,Idle,2
167,8492.9635,24.8333,roadmap.boot,Idle,2
168,8526.7752,33.8117,roadmap.boot,Idle,2
169,8565.4994,38.7242,ui.map.open,Idle,2
170,8587.11,21.6104,ui.map.open,Idle,2
171,8890.1833,303.0734,ui.map.open,Idle,2
172,9013.2552,123.072,ui.map.open,Idle,2
173,9031.0643,17.8089,ui.map.open,Idle,2
174,9052.0539,20.9897,ui.map.open,Idle,2
175,9140.9417,88.8878,ui.map.open,Idle,2
176,9157.3488,16.4072,ui.map.open,Idle,2
177,9179.4892,22.1403,ui.map.open,Idle,2
178,9197.3045,17.8153,ui.map.open,Idle,2
179,9208.9814,11.6769,ui.map.open,Idle,2
180,9235.4905,26.509,ui.map.open,Idle,2
181,9246.5344,11.044,ui.map.open,Idle,2
182,9262.4006,15.8662,ui.map.open,Idle,2
183,9287.6914,25.2909,ui.map.open,Idle,2
184,9298.1795,10.488,ui.map.open,Idle,2
185,9312.875,14.6955,ui.map.open,Idle,2
186,9325.7325,12.8575,ui.map.open,Idle,2
187,9356.9641,31.2316,ui.map.open,Idle,2
188,9365.0787,8.1147,ui.map.open,Idle,2
189,9379.4068,14.328,ui.map.open,Idle,2
190,9398.4376,19.0308,ui.map.open,Idle,2
191,9415.4851,17.0474,ui.map.open,Idle,2
192,9429.8034,14.3184,ui.map.open,Idle,2
193,9454.727,24.9236,ui.map.open,Idle,2
194,9472.3615,17.6346,ui.map.open,Idle,2
195,9480.8047,8.4431,ui.map.open,Idle,2
196,9505.7539,24.9491,ui.map.open,Idle,2
197,9523.3867,17.633,ui.map.open,Idle,2
198,9531.7222,8.3354,ui.map.open,Idle,2
199,9546.321,14.5988,ui.map.steady,Idle,2
200,9575.1462,28.8252,ui.map.steady,Idle,2
201,9583.6079,8.4618,ui.map.steady,Idle,2
202,9596.1822,12.5742,ui.map.steady,Idle,2
203,9621.5215,25.3392,ui.map.steady,Idle,2
204,9631.1313,9.6099,ui.map.steady,Idle,2
205,9646.38,15.2486,ui.map.steady,Idle,2
206,9671.9126,25.5327,ui.map.steady,Idle,2
207,9687.8874,15.9748,ui.map.steady,Idle,2
208,9701.8075,13.9199,ui.map.steady,Idle,2
209,9715.0966,13.2892,ui.map.steady,Idle,2
210,9730.182,15.0855,ui.map.steady,Idle,2
211,9755.3368,25.1548,ui.map.steady,Idle,2
212,9765.2217,9.885,ui.map.steady,Idle,2
213,9789.6949,24.4731,ui.map.steady,Idle,2
214,9800.5471,10.8522,ui.map.steady,Idle,2
215,9813.9921,13.445,ui.map.steady,Idle,2
216,9834.7887,20.7966,ui.map.steady,Idle,2
217,9854.2954,19.5067,ui.map.steady,Idle,2
218,9871.8778,17.5825,ui.map.steady,Idle,2
219,9884.0097,12.1318,ui.map.steady,Idle,2
220,9905.8287,21.8189,ui.map.steady,Idle,2
221,9918.1622,12.3335,ui.map.steady,Idle,2
222,9929.9768,11.8146,ui.map.steady,Idle,2
223,9951.4263,21.4496,ui.map.steady,Idle,2
224,9970.7105,19.2843,ui.map.steady,Idle,2
225,9980.7968,10.0862,ui.map.steady,Idle,2
226,9995.6643,14.8676,ui.map.steady,Idle,2
227,10019.7256,24.0612,ui.map.steady,Idle,2
228,10041.1463,21.4207,ui.map.steady,Idle,2
229,10049.7997,8.6534,ui.map.steady,Idle,2
230,10071.4909,21.6912,ui.map.steady,Idle,2
231,10095.0289,23.5381,ui.map.steady,Idle,2
232,10103.1899,8.1609,ui.map.steady,Idle,2
233,10125.4018,22.2119,ui.map.steady,Idle,2
234,10133.3343,7.9326,ui.map.steady,Idle,2
235,10148.1458,14.8114,ui.map.steady,Idle,2
236,10162.6576,14.5118,ui.map.steady,Idle,2
237,10188.4489,25.7914,ui.map.steady,Idle,2
238,10210.1287,21.6798,ui.map.steady,Idle,2
239,10217.7391,7.6103,ui.map.steady,Idle,2
240,10238.2249,20.4859,ui.map.steady,Idle,2
241,10254.9725,16.7476,ui.map.steady,Idle,2
242,10264.3844,9.4118,ui.map.steady,Idle,2
243,10285.6134,21.2289,ui.map.steady,Idle,2
244,10304.9068,19.2935,ui.map.steady,Idle,2
245,10324.2237,19.3169,ui.map.steady,Idle,2
246,10332.5218,8.2982,ui.map.steady,Idle,2
247,10352.0079,19.486,ui.map.steady,Idle,2
248,10372.631,20.623,ui.map.steady,Idle,2
249,10392.2495,19.6187,ui.map.steady,Idle,2
250,10400.3492,8.0996,ui.map.steady,Idle,2
251,10418.7887,18.4395,ui.map.steady,Idle,2
252,10437.8057,19.0169,ui.map.steady,Idle,2
253,10460.9626,23.1571,ui.map.steady,Idle,2
254,10468.2903,7.3277,ui.map.steady,Idle,2
255,10485.3624,17.072,ui.map.steady,Idle,2
256,10504.0831,18.7208,ui.map.steady,Idle,2
257,10524.5038,20.4206,ui.map.steady,Idle,2
258,10534.5957,10.0919,ui.map.steady,Idle,2
259,10558.5163,23.9205,ui.map.steady,Idle,2
260,10567.5111,8.9949,ui.map.steady,Idle,2
261,10592.1283,24.6172,ui.map.steady,Idle,2
262,10600.6882,8.5599,ui.map.steady,Idle,2
263,10623.7475,23.0593,ui.map.steady,Idle,2
264,10632.7999,9.0524,ui.map.steady,Idle,2
265,10652.0934,19.2935,ui.map.steady,Idle,2
266,10670.7261,18.6328,ui.map.steady,Idle,2
267,10691.32,20.5937,ui.map.steady,Idle,2
268,10699.4729,8.1531,ui.map.steady,Idle,2
269,10724.8276,25.3546,ui.map.steady,Idle,2
270,10733.8289,9.0012,ui.map.steady,Idle,2
271,10749.5368,15.7081,ui.map.steady,Idle,2
272,10762.8155,13.2785,ui.map.steady,Idle,2
273,10785.4124,22.597,ui.map.steady,Idle,2
274,10801.9447,16.5323,ui.map.steady,Idle,2
275,10820.6933,18.7485,ui.map.steady,Idle,2
276,10844.9157,24.2226,ui.map.steady,Idle,2
277,10852.7236,7.8079,ui.map.steady,Idle,2
278,10875.0214,22.2975,ui.map.steady,Idle,2
279,10883.4994,8.4781,ui.map.steady,Idle,2
280,10908.6877,25.1882,ui.map.steady,Idle,2
281,10918.9324,10.2449,ui.map.steady,Idle,2
282,10942.2131,23.2806,ui.map.steady,Idle,2
283,10949.9398,7.7268,ui.map.steady,Idle,2
284,10968.6237,18.6839,ui.map.steady,Idle,2
285,10987.4323,18.8086,ui.map.steady,Idle,2
286,11007.9782,20.5458,ui.map.steady,Idle,2
287,11017.7324,9.7543,ui.map.steady,Idle,2
288,11041.7745,24.0421,ui.map.steady,Idle,2
289,11049.6996,7.9251,ui.map.steady,Idle,2
290,11075.3741,25.6744,ui.map.steady,Idle,2
291,11083.1785,7.8046,ui.map.steady,Idle,2
292,11108.3865,25.2077,ui.map.steady,Idle,2
293,11117.2859,8.8996,ui.map.steady,Idle,2
294,11139.1082,21.8223,ui.map.steady,Idle,2
295,11157.3242,18.216,ui.map.steady,Idle,2
296,11165.6106,8.2863,ui.map.steady,Idle,2
297,11179.0323,13.4218,ui.map.steady,Idle,2
298,11202.7273,23.695,ui.map.steady,Idle,2
299,11220.0747,17.3474,ui.map.steady,Idle,2
300,11236.7282,16.6536,ui.map.steady,Idle,2
301,11253.34,16.6116,ui.map.steady,Idle,2
302,11270.1883,16.8484,ui.map.steady,Idle,2
303,11286.6423,16.4541,ui.map.steady,Idle,2
304,11307.6376,20.9952,ui.map.steady,Idle,2
305,11324.41,16.7724,ui.map.steady,Idle,2
306,11333.2767,8.8667,ui.map.steady,Idle,2
307,11352.5601,19.2834,ui.map.steady,Idle,2
308,11369.5432,16.983,ui.map.steady,Idle,2
309,11386.1055,16.5624,ui.map.steady,Idle,2
310,11401.6422,15.5367,ui.map.steady,Idle,2
311,11420.5097,18.8675,ui.map.steady,Idle,2
312,11438.5683,18.0587,ui.map.steady,Idle,2
313,11456.4416,17.8731,ui.map.steady,Idle,2
314,11465.1286,8.6872,ui.map.steady,Idle,2
315,11484.2042,19.0755,ui.map.steady,Idle,2
316,11504.3406,20.1364,ui.map.steady,Idle,2
317,11524.0731,19.7325,ui.map.steady,Idle,2
318,11532.4837,8.4106,ui.map.steady,Idle,2
319,11585.4466,52.963,ui.map.sweep,Idle,2
320,11694.5854,109.1388,ui.map.sweep,Idle,2
321,11733.0453,38.4599,ui.map.sweep,Idle,2
322,11804.2032,71.1579,ui.map.sweep,Idle,2
323,11837.3433,33.1398,ui.map.sweep,Idle,2
324,11939.8133,102.47,ui.map.sweep,Idle,2
325,11974.4859,34.6728,ui.map.sweep,Idle,2
326,12089.103,114.6172,ui.map.sweep,Idle,2
327,12136.5564,47.4533,ui.map.sweep,Idle,2
328,12228.2592,91.7029,ui.map.sweep,Idle,2
329,12275.8559,47.5966,ui.map.sweep,Idle,2
330,12360.8644,85.0085,ui.map.sweep,Idle,2
331,12408.7106,47.8463,ui.map.sweep,Idle,2
332,12500.5486,91.8379,ui.map.sweep,Idle,2
333,12550.8874,50.3386,ui.map.sweep,Idle,2
334,12650.4407,99.5535,ui.map.sweep,Idle,2
335,12709.5547,59.1139,ui.map.sweep,Idle,2
336,12814.0673,104.5127,ui.map.sweep,Idle,2
337,12857.6089,43.5416,ui.map.sweep,Idle,2
338,12995.0499,137.441,ui.map.sweep,Idle,2
339,13037.7079,42.6581,ui.map.sweep,Idle,2
340,13148.1235,110.4156,ui.map.sweep,Idle,2
341,13204.7834,56.6598,ui.map.sweep,Idle,2
342,13280.2936,75.5102,ui.map.sweep,Idle,2
343,13345.285,64.9915,ui.map.sweep,Idle,2
344,13430.439,85.1539,ui.map.sweep,Idle,2
345,13465.2349,34.796,ui.map.sweep,Idle,2
346,13570.968,105.733,ui.map.sweep,Idle,2
347,13616.9758,46.0078,ui.map.sweep,Idle,2
348,13750.0037,133.028,ui.map.sweep,Idle,2
349,13820.1674,70.1636,ui.map.sweep,Idle,2
350,13951.9052,131.7378,ui.map.sweep,Idle,2
351,13998.8009,46.8958,ui.map.sweep,Idle,2
352,14109.0269,110.2258,ui.map.sweep,Idle,2
353,14153.6151,44.5882,ui.map.sweep,Idle,2
354,14257.678,104.063,ui.map.sweep,Idle,2
355,14303.1266,45.4486,ui.map.sweep,Idle,2
356,14390.7344,87.6079,ui.map.sweep,Idle,2
357,14433.9167,43.1823,ui.map.sweep,Idle,2
358,14546.7557,112.839,ui.map.sweep,Idle,2
359,14592.1678,45.412,ui.map.sweep,Idle,2
360,14740.7977,148.63,ui.map.sweep,Idle,2
361,14804.7287,63.9309,ui.map.sweep,Idle,2
362,14898.0313,93.3024,ui.map.sweep,Idle,2
363,14946.2548,48.2238,ui.map.sweep,Idle,2
364,15048.0247,101.7698,ui.map.sweep,Idle,2
365,15083.5705,35.5458,ui.map.sweep,Idle,2
366,15172.2317,88.6612,ui.map.sweep,Idle,2
367,15226.9161,54.6845,ui.map.sweep,Idle,2
368,15322.8289,95.9127,ui.map.sweep,Idle,2
369,15389.4052,66.5763,ui.map.sweep,Idle,2
370,15513.3784,123.9733,ui.map.sweep,Idle,2
371,15577.1707,63.7923,ui.map.sweep,Idle,2
372,15665.1489,87.9782,ui.map.sweep,Idle,2
373,15726.8025,61.6535,ui.map.sweep,Idle,2
374,15820.9051,94.1025,ui.map.sweep,Idle,2
375,15865.2389,44.3339,ui.map.sweep,Idle,2
376,16000.1921,134.9532,ui.map.sweep,Idle,2
377,16038.021,37.829,ui.map.sweep,Idle,2
378,16145.6036,107.5825,ui.map.sweep,Idle,2
379,16218.8243,73.2205,ui.map.sweep,Idle,2
380,16306.3847,87.5606,ui.map.sweep,Idle,2
381,16372.7478,66.3631,ui.map.sweep,Idle,2
382,16467.011,94.2631,ui.map.sweep,Idle,2
383,16523.8445,56.8337,ui.map.sweep,Idle,2
384,16625.8226,101.978,ui.map.sweep,Idle,2
385,16679.4355,53.6129,ui.map.sweep,Idle,2
386,16777.3847,97.9492,ui.map.sweep,Idle,2
387,16824.2361,46.8514,ui.map.sweep,Idle,2
388,16977.4846,153.2486,ui.map.sweep,Idle,2
389,17022.7896,45.305,ui.map.sweep,Idle,2
390,17139.1783,116.3886,ui.map.sweep,Idle,2
391,17188.7697,49.5914,ui.map.sweep,Idle,2
392,17291.3703,102.6007,ui.map.sweep,Idle,2
393,17358.9894,67.6191,ui.map.sweep,Idle,2
394,17462.8356,103.8461,ui.map.sweep,Idle,2
395,17520.5437,57.7081,ui.map.sweep,Idle,2
396,17649.4714,128.9276,ui.map.sweep,Idle,2
397,17720.2125,70.741,ui.map.sweep,Idle,2
398,17816.1436,95.9313,ui.map.sweep,Idle,2
399,17852.211,36.0675,ui.map.sweep,Idle,2
400,17953.8138,101.6028,ui.map.sweep,Idle,2
401,18006.5984,52.7846,ui.map.sweep,Idle,2
402,18112.639,106.0405,ui.map.sweep,Idle,2
403,18151.3693,38.7302,ui.map.sweep,Idle,2
404,18280.8647,129.4956,ui.map.sweep,Idle,2
405,18333.8691,53.0043,ui.map.sweep,Idle,2
406,18461.2239,127.3549,ui.map.sweep,Idle,2
407,18495.9859,34.7619,ui.map.sweep,Idle,2
408,18561.9099,65.924,ui.map.sweep,Idle,2
409,18577.0556,15.1457,audit.snapshot.ui.map.sweep,Idle,2
410,18630.1494,53.0939,ui.map.reposition,Idle,2
411,18762.7943,132.6449,ui.map.reposition,Idle,2
412,18788.6032,25.8088,ui.map.reposition,Idle,2
413,18814.058,25.4548,ui.map.reposition,Idle,2
414,18822.8584,8.8005,ui.map.reposition,Idle,2
415,18852.4441,29.5857,ui.map.reposition,Idle,2
416,18868.1185,15.6742,ui.map.reposition,Idle,2
417,18880.718,12.5994,ui.map.reposition,Idle,2
418,18897.3489,16.631,ui.map.reposition,Idle,2
419,18913.1498,15.8009,ui.map.reposition,Idle,2
420,18929.2393,16.0896,ui.map.reposition,Idle,2
421,18946.1861,16.9468,ui.map.reposition,Idle,2
422,18960.5424,14.3561,ui.map.reposition,Idle,2
423,18975.4501,14.9077,ui.map.reposition,Idle,2
424,18990.7552,15.3053,ui.map.reposition,Idle,2
425,19006.7602,16.005,ui.map.reposition,Idle,2
426,19025.1022,18.342,ui.map.reposition,Idle,2
427,19052.8958,27.7937,ui.map.reposition,Idle,2
428,19068.061,15.1649,ui.map.reposition,Idle,2
429,19080.7174,12.6567,ui.map.reposition,Idle,2
430,19097.2642,16.5468,ui.map.reposition,Idle,2
431,19112.9468,15.6825,ui.map.reposition,Idle,2
432,19129.232,16.2853,ui.map.reposition,Idle,2
433,19142.605,13.3728,ui.map.reposition,Idle,2
434,19158.2887,15.6839,ui.map.reposition,Idle,2
435,19174.0842,15.7955,ui.map.reposition,Idle,2
436,19190.1076,16.0233,ui.map.reposition,Idle,2
437,19206.5045,16.3969,ui.map.reposition,Idle,2
438,19235.7562,29.2517,ui.map.reposition,Idle,2
439,19251.0359,15.2798,ui.map.reposition,Idle,2
440,19264.1884,13.1524,ui.map.drag,Idle,2
441,19287.4739,23.2854,ui.map.drag,Idle,2
442,19311.3779,23.9041,ui.map.drag,Idle,2
443,19333.542,22.164,ui.map.drag,Idle,2
444,19356.4619,22.92,ui.map.drag,Idle,2
445,19380.2849,23.823,ui.map.drag,Idle,2
446,19407.1404,26.8555,ui.map.drag,Idle,2
447,19436.9487,29.8083,ui.map.drag,Idle,2
448,19454.4913,17.5427,ui.map.drag,Idle,2
449,19477.4848,22.9934,ui.map.drag,Idle,2
450,19499.511,22.0262,ui.map.drag,Idle,2
451,19522.6976,23.1866,ui.map.drag,Idle,2
452,19545.8936,23.196,ui.map.drag,Idle,2
453,19566.0846,20.191,ui.map.drag,Idle,2
454,19589.5578,23.4732,ui.map.drag,Idle,2
455,19609.3077,19.75,ui.map.drag,Idle,2
456,19629.0621,19.7543,ui.map.drag,Idle,2
457,19653.7713,24.7092,ui.map.drag,Idle,2
458,19678.044,24.2726,ui.map.drag,Idle,2
459,19702.3348,24.2909,ui.map.drag,Idle,2
460,19721.6689,19.3341,ui.map.drag,Idle,2
461,19740.7168,19.048,ui.map.drag,Idle,2
462,19766.1989,25.482,ui.map.drag,Idle,2
463,19794.405,28.206,ui.map.drag,Idle,2
464,19816.2505,21.8456,ui.map.drag,Idle,2
465,19839.5112,23.2608,ui.map.drag,Idle,2
466,19872.1164,32.605,ui.map.drag,Idle,2
467,19888.8481,16.7317,ui.map.drag,Idle,2
468,19908.9669,20.1189,ui.map.drag,Idle,2
469,19930.684,21.7171,ui.map.drag,Idle,2
470,19952.0055,21.3212,ui.map.drag,Idle,2
471,20008.6852,56.6801,ui.map.drag,Idle,2
472,20113.8181,105.1328,ui.map.drag,Idle,2
473,20132.242,18.4239,ui.map.drag,Idle,2
474,20155.9425,23.7005,ui.map.drag,Idle,2
475,20180.4081,24.4656,ui.map.drag,Idle,2
476,20199.984,19.5759,ui.map.drag,Idle,2
477,20219.6836,19.6996,ui.map.drag,Idle,2
478,20238.7271,19.0434,ui.map.drag,Idle,2
479,20257.6878,18.9608,ui.map.drag,Idle,2
480,20280.7871,23.0992,ui.map.drag,Idle,2
481,20305.5619,24.7748,ui.map.drag,Idle,2
482,20330.1143,24.5524,ui.map.drag,Idle,2
483,20358.826,28.7117,ui.map.drag,Idle,2
484,20375.0326,16.2066,ui.map.drag,Idle,2
485,20398.5489,23.5162,ui.map.drag,Idle,2
486,20421.5555,23.0067,ui.map.drag,Idle,2
487,20441.1442,19.5889,ui.map.drag,Idle,2
488,20460.2915,19.1472,ui.map.drag,Idle,2
489,20479.3563,19.0647,ui.map.drag,Idle,2
490,20499.1918,19.8356,ui.map.drag,Idle,2
491,20520.3039,21.1122,ui.map.drag,Idle,2
492,20544.0447,23.7408,ui.map.drag,Idle,2
493,20566.5856,22.5408,ui.map.drag,Idle,2
494,20591.4525,24.8668,ui.map.drag,Idle,2
495,20614.446,22.9936,ui.map.drag,Idle,2
496,20633.2321,18.7862,ui.map.drag,Idle,2
497,20652.9217,19.6894,ui.map.drag,Idle,2
498,20673.0706,20.149,ui.map.drag,Idle,2
499,20693.8935,20.8229,ui.map.drag,Idle,2
500,20728.7534,34.8599,ui.map.drag,Idle,2
501,20749.7187,20.9652,ui.map.drag,Idle,2
502,20775.9156,26.1969,ui.map.drag,Idle,2
503,20799.7654,23.8499,ui.map.drag,Idle,2
504,20834.4612,34.6956,ui.map.drag,Idle,2
505,20860.9041,26.443,ui.map.drag,Idle,2
506,20884.9087,24.0048,ui.map.drag,Idle,2
507,20904.7974,19.8887,ui.map.drag,Idle,2
508,20928.0611,23.2637,ui.map.drag,Idle,2
509,20996.9602,68.899,ui.map.drag,Idle,2
510,21024.6162,27.656,ui.map.drag,Idle,2
511,21048.8538,24.2376,ui.map.drag,Idle,2
512,21078.3853,29.5315,ui.map.drag,Idle,2
513,21106.8671,28.4818,ui.map.drag,Idle,2
514,21130.6121,23.745,ui.map.drag,Idle,2
515,21153.9913,23.3792,ui.map.drag,Idle,2
516,21178.1423,24.1509,ui.map.drag,Idle,2
517,21202.4393,24.297,ui.map.drag,Idle,2
518,21224.6325,22.1932,ui.map.drag,Idle,2
519,21249.9447,25.3124,ui.map.drag,Idle,2
520,21276.1248,26.18,ui.map.drag,Idle,2
521,21300.31,24.1852,ui.map.drag,Idle,2
522,21333.3339,33.0239,ui.map.drag,Idle,2
523,21358.716,25.3821,ui.map.drag,Idle,2
524,21383.3459,24.63,ui.map.drag,Idle,2
525,21410.1838,26.8378,ui.map.drag,Idle,2
526,21433.0891,22.9053,ui.map.drag,Idle,2
527,21457.8115,24.7224,ui.map.drag,Idle,2
528,21487.2795,29.4678,ui.map.drag,Idle,2
529,21513.0009,25.7217,ui.map.drag,Idle,2
530,21537.6358,24.6349,ui.map.drag,Idle,2
531,21563.8152,26.1793,ui.map.drag,Idle,2
532,21585.7374,21.9221,ui.map.drag,Idle,2
533,21607.9769,22.2395,ui.map.drag,Idle,2
534,21637.6799,29.7032,ui.map.drag,Idle,2
535,21666.2044,28.5244,ui.map.drag,Idle,2
536,21695.9293,29.7249,ui.map.drag,Idle,2
537,21756.2654,60.3361,ui.map.drag,Idle,2
538,21782.4259,26.1606,ui.map.drag,Idle,2
539,21806.6058,24.1798,ui.map.drag,Idle,2
540,21837.8199,31.2141,ui.map.drag,Idle,2
541,21872.4087,34.5888,ui.map.drag,Idle,2
542,21889.2801,16.8715,ui.map.drag,Idle,2
543,21916.9844,27.7042,ui.map.drag,Idle,2
544,21941.8504,24.866,ui.map.drag,Idle,2
545,22058.0764,116.226,ui.map.drag,Idle,2
546,22083.3344,25.258,ui.map.drag,Idle,2
547,22108.5448,25.2104,ui.map.drag,Idle,2
548,22129.9105,21.3658,ui.map.drag,Idle,2
549,22154.3131,24.4023,ui.map.drag,Idle,2
550,22179.9653,25.6524,ui.map.drag,Idle,2
551,22199.69,19.7248,ui.map.drag,Idle,2
552,22220.5737,20.8836,ui.map.drag,Idle,2
553,22246.5213,25.9476,ui.map.drag,Idle,2
554,22265.5706,19.0493,ui.map.drag,Idle,2
555,22284.7132,19.1426,ui.map.drag,Idle,2
556,22311.0481,26.3349,ui.map.drag,Idle,2
557,22344.4898,33.4417,ui.map.drag,Idle,2
558,22384.1107,39.6209,ui.map.drag,Idle,2
559,22406.4473,22.3364,ui.map.drag,Idle,2
560,22433.2179,26.7707,audit.snapshot.ui.map.drag,Idle,2
561,22453.1529,19.9351,ui.map.final-steady,Idle,2
562,22465.0116,11.8587,ui.map.final-steady,Idle,2
563,22485.4216,20.41,ui.map.final-steady,Idle,2
564,22508.7377,23.3161,ui.map.final-steady,Idle,2
565,22521.5148,12.7771,ui.map.final-steady,Idle,2
566,22552.8576,31.3428,ui.map.final-steady,Idle,2
567,22561.629,8.7714,ui.map.final-steady,Idle,2
568,22577.9623,16.3334,ui.map.final-steady,Idle,2
569,22591.5103,13.548,ui.map.final-steady,Idle,2
570,22608.0032,16.4929,ui.map.final-steady,Idle,2
571,22630.0621,22.0587,ui.map.final-steady,Idle,2
572,22646.5177,16.4557,ui.map.final-steady,Idle,2
573,22663.3499,16.8322,ui.map.final-steady,Idle,2
574,22680.2866,16.9368,ui.map.final-steady,Idle,2
575,22697.056,16.7693,ui.map.final-steady,Idle,2
576,22718.329,21.2728,ui.map.final-steady,Idle,2
577,22736.0882,17.7595,ui.map.final-steady,Idle,2
578,22752.8641,16.7758,ui.map.final-steady,Idle,2
579,22769.5265,16.6624,ui.map.final-steady,Idle,2
580,22786.2975,16.771,ui.map.final-steady,Idle,2
581,22806.2233,19.9258,ui.map.final-steady,Idle,2
582,22819.7799,13.5566,ui.map.final-steady,Idle,2
583,22838.8129,19.033,ui.map.final-steady,Idle,2
584,22870.2844,31.4716,ui.map.final-steady,Idle,2
585,22886.7046,16.4201,ui.map.final-steady,Idle,2
586,22897.9944,11.2898,ui.map.final-steady,Idle,2
587,22914.8321,16.8377,ui.map.final-steady,Idle,2
588,22931.4301,16.5981,ui.map.final-steady,Idle,2
589,22948.2037,16.7735,ui.map.final-steady,Idle,2
590,22964.8635,16.6598,ui.map.final-steady,Idle,2
591,22981.7861,16.9227,ui.map.final-steady,Idle,2
592,22998.5824,16.7962,ui.map.final-steady,Idle,2
593,23014.938,16.3556,ui.map.final-steady,Idle,2
594,23032.0195,17.0815,ui.map.final-steady,Idle,2
595,23048.3092,16.2897,ui.map.final-steady,Idle,2
596,23064.9726,16.6634,ui.map.final-steady,Idle,2
597,23085.2683,20.2957,ui.map.final-steady,Idle,2
598,23102.3981,17.1297,ui.map.final-steady,Idle,2
599,23118.941,16.543,ui.map.final-steady,Idle,2
600,23132.7454,13.8045,ui.map.final-steady,Idle,2
601,23152.5328,19.7873,ui.map.final-steady,Idle,2
602,23169.6061,17.0733,ui.map.final-steady,Idle,2
603,23186.4239,16.8178,ui.map.final-steady,Idle,2
604,23202.8598,16.4359,ui.map.final-steady,Idle,2
605,23219.573,16.7132,ui.map.final-steady,Idle,2
606,23236.1751,16.6022,ui.map.final-steady,Idle,2
607,23254.7343,18.5591,ui.map.final-steady,Idle,2
608,23269.6289,14.8946,ui.map.final-steady,Idle,2
609,23311.1786,41.5497,ui.map.final-steady,Idle,2
610,23331.1276,19.949,ui.map.final-steady,Idle,2
611,23361.2962,30.1685,ui.map.final-steady,Idle,2
612,23373.6983,12.4023,ui.map.final-steady,Idle,2
613,23390.0382,16.3399,ui.map.final-steady,Idle,2
614,23406.689,16.6507,ui.map.final-steady,Idle,2
615,23428.8868,22.1978,ui.map.final-steady,Idle,2
616,23445.255,16.3682,ui.map.final-steady,Idle,2
617,23461.8128,16.5578,ui.map.final-steady,Idle,2
618,23478.2429,16.4302,ui.map.final-steady,Idle,2
619,23494.8126,16.5695,ui.map.final-steady,Idle,2
620,23511.6728,16.8602,ui.map.final-steady,Idle,2
621,23541.6082,29.9355,ui.map.final-steady,Idle,2
622,23550.1818,8.5735,ui.map.final-steady,Idle,2
623,23564.6018,14.4201,ui.map.final-steady,Idle,2
624,23581.2641,16.6623,ui.map.final-steady,Idle,2
625,23606.985,25.7209,ui.map.final-steady,Idle,2
626,23623.3695,16.3843,ui.map.final-steady,Idle,2
627,23639.9651,16.5959,ui.map.final-steady,Idle,2
628,23656.5587,16.5934,ui.map.final-steady,Idle,2
629,23673.5534,16.9948,ui.map.final-steady,Idle,2
630,23689.6865,16.1332,ui.map.final-steady,Idle,2
631,23706.5879,16.9013,ui.map.final-steady,Idle,2
632,23723.2383,16.6504,ui.map.final-steady,Idle,2
633,23739.7921,16.5538,ui.map.final-steady,Idle,2
634,23769.5077,29.7157,ui.map.final-steady,Idle,2
635,23782.6896,13.1817,ui.map.final-steady,Idle,2
636,23797.8843,15.1947,ui.map.final-steady,Idle,2
637,23814.5835,16.6994,ui.map.final-steady,Idle,2
638,23831.5807,16.9971,ui.map.final-steady,Idle,2
639,23855.4256,23.8449,ui.map.final-steady,Idle,2
640,23871.1423,15.7166,ui.map.final-steady,Idle,2
641,23881.6059,10.4637,ui.map.final-steady,Idle,2
642,23898.5923,16.9864,ui.map.final-steady,Idle,2
643,23915.0325,16.4401,ui.map.final-steady,Idle,2
644,23931.442,16.4096,ui.map.final-steady,Idle,2
645,23947.8692,16.4272,ui.map.final-steady,Idle,2
646,23964.8053,16.9361,ui.map.final-steady,Idle,2
647,23981.895,17.0896,ui.map.final-steady,Idle,2
648,23998.2967,16.4018,ui.map.final-steady,Idle,2
649,24024.6012,26.3045,ui.map.final-steady,Idle,2
650,24047.8335,23.2324,ui.map.final-steady,Idle,2
651,24065.7771,17.9436,ui.map.final-steady,Idle,2
652,24080.7446,14.9674,ui.map.final-steady,Idle,2
653,24097.4049,16.6603,ui.map.final-steady,Idle,2
654,24113.9636,16.5587,ui.map.final-steady,Idle,2
655,24130.8082,16.8447,ui.map.final-steady,Idle,2
656,24147.9037,17.0954,ui.map.final-steady,Idle,2
657,24164.0423,16.1386,ui.map.final-steady,Idle,2
658,24180.5782,16.5359,ui.map.final-steady,Idle,2
659,24197.1003,16.5222,ui.map.final-steady,Idle,2
660,24213.6095,16.5091,ui.map.final-steady,Idle,2
661,24230.0442,16.4347,ui.map.final-steady,Idle,2
662,24246.5348,16.4907,ui.map.final-steady,Idle,2
663,24263.0176,16.4827,ui.map.final-steady,Idle,2
664,24279.8185,16.801,ui.map.final-steady,Idle,2
665,24296.5264,16.7077,ui.map.final-steady,Idle,2
666,24313.4338,16.9076,ui.map.final-steady,Idle,2
667,24329.9195,16.4856,ui.map.final-steady,Idle,2
668,24346.5971,16.6777,ui.map.final-steady,Idle,2
669,24371.812,25.2148,ui.map.final-steady,Idle,2
670,24399.0993,27.2874,ui.map.final-steady,Idle,2
671,24415.9904,16.8911,ui.map.final-steady,Idle,2
672,24430.7244,14.7339,ui.map.final-steady,Idle,2
673,24447.2242,16.4998,ui.map.final-steady,Idle,2
674,24464.0451,16.8209,ui.map.final-steady,Idle,2
675,24488.571,24.5258,ui.map.final-steady,Idle,2
676,24502.5109,13.94,ui.map.final-steady,Idle,2
677,24513.9949,11.484,ui.map.final-steady,Idle,2
678,24530.4441,16.4492,ui.map.final-steady,Idle,2
679,24547.2608,16.8162,ui.map.final-steady,Idle,2
680,24563.8348,16.5745,ui.map.final-steady,Idle,2
